[{"Index":{"lyTitle":"Landery","lyHeading1":"Hola Mundo!!!","lyDownload":["https:\/\/www.blabell.xyz\/Landery","Landery"],"lyDescription1":"Nunca pensaste en tener tu propia p\u00e1gina de aterrizaje. Acaso nunca te paso que el presentar un producto se complica.\r\nPara eso inventamos \"Landery\", la mejor forma para gestionar tu p\u00e1gina de aterrizaje.\r\nCon proveemos las herramientas basics para que puedas modificar tu pagina de aterrizaje a gusto.","lyImage":"background.jpg","lyHeading2":"Lorem Ipsum","lyDescription2":"Lorem ipsum dolor sit amet, consectetur adipiscing elit, sed do eiusmod tempor incididunt ut labore et dolore magna aliqua. Adipiscing at in tellus integer feugiat scelerisque varius. Purus non enim praesent elementum facilisis leo vel. Elit at imperdiet dui accumsan. Volutpat diam ut venenatis tellus. Ut ornare lectus sit amet. Nunc scelerisque viverra mauris in aliquam sem fringilla ut. Lobortis mattis aliquam faucibus purus in. Sem viverra aliquet eget sit amet tellus cras adipiscing enim. Venenatis urna cursus eget nunc scelerisque viverra mauris in aliquam. Vel quam elementum pulvinar etiam. Vel elit scelerisque mauris pellentesque pulvinar pellentesque. Dignissim enim sit amet venenatis urna cursus eget. Nulla malesuada pellentesque elit eget gravida cum sociis natoque.\r\n\r\nSuspendisse faucibus interdum posuere lorem ipsum dolor sit. Nec ultrices dui sapien eget. Adipiscing diam donec adipiscing tristique risus nec feugiat in fermentum. Nullam non nisi est sit amet facilisis magna. Eros donec ac odio tempor. Diam ut venenatis tellus in metus vulputate. Venenatis cras sed felis eget velit aliquet sagittis. Velit egestas dui id ornare arcu odio. Consequat ac felis donec et odio pellentesque diam. Senectus et netus et malesuada fames ac turpis egestas. Ultrices tincidunt arcu non sodales neque sodales. Quis risus sed vulputate odio.","lySocial":["https:\/\/www.lipsum.com\/feed\/html2","https:\/\/www.lipsum.com\/feed\/html2","https:\/\/www.lipsum.com\/feed\/html2","https:\/\/www.lipsum.com\/feed\/html2"],"lyCopyright":"Blabell Technologies"}}]